month,n_days,t_mean,rh,wind,utci,demand,utci_shade,demand_shade,utci_plus15,demand_plus15,utci_shade_plus15,demand_shade_plus15,utci_plus25,demand_plus25,utci_shade_plus25,demand_shade_plus25,city,v_bar,v_need,v_need_plus15,v_need_plus25,shr,shr_plus15,shr_plus25,rta,inadequate_frac
1,310,27.870927419354835,77.68225806451613,3.5935483870967744,33.062697488225325,7.112822929918582,29.17490978605294,3.2572850027798705,35.19060622353817,9.195286855298201,31.480587513944684,5.486130284185119,36.70492807214363,10.704928072143625,33.113078396079224,7.113078396079225,svi_sg,1.9570028525384475,1.5419896306374545,1.9934472039175337,2.3207224820025454,0.415013221900993,-0.03644435137908619,-0.36371962946409786,1.2691413830905125,0.29303692816461513
2,283,28.603533568904595,72.46201413427562,4.040132508833922,33.69033062073941,7.704928687638269,29.305789538617468,3.3897836048818504,35.796896524743495,9.796896524743497,31.60330540328462,5.603420667559891,37.28395100142258,11.283951001422576,33.213663116279335,7.213663116279335,svi_sg,1.9570028525384475,1.6703523000923712,2.1238702273944434,2.4462489237046006,0.2866505524460763,-0.1668673748559959,-0.48924607116615304,1.1716108346905167,0.3431012309388205
3,310,29.26266129032258,72.55967741935484,2.864161290322581,36.081041045747455,10.090944020467958,31.40426670451405,5.416843384965738,38.14642537374793,12.146425373747931,33.65370783983322,7.653707839833219,39.6257872594057,13.625787259405701,35.25198330782183,9.25198330782183,svi_sg,1.9570028525384475,2.1876168149011876,2.633224833539526,2.9539358522335712,-0.23061396236274012,-0.6762219810010786,-0.9969329996951237,0.8945821037798355,0.6052268969318391
4,300,29.055416666666666,77.7675,2.064575,36.701669852202194,10.701669852202192,32.328731959189646,6.328731959189642,38.831234946871575,12.831234946871575,34.661899519503315,8.661899519503313,40.38953959506694,14.389539595066948,36.36203585754047,10.36203585754047,svi_sg,1.9570028525384475,2.320016132158956,2.781684772880376,3.1195098013629727,-0.36301327962050856,-0.8246819203419284,-1.1625069488245252,0.8435298468021012,0.6784401984199889
5,310,29.040967741935486,79.36935483870968,2.408608870967742,35.91359599283564,9.913595992835635,31.94267101057573,5.942671010575726,38.11675512176846,12.116755121768463,34.34495943855258,8.344959438552573,39.73300039702275,13.733000397022748,36.09916179412434,10.099161794124345,svi_sg,1.9570028525384475,2.1491695173489376,2.626792616494125,2.9771785996072198,-0.19216666481049005,-0.6697897639556776,-1.0201757470687722,0.9105856177191954,0.5839610508910528
6,300,28.54054166666667,79.44375,2.794725,34.50705418734881,8.507054187348803,30.71680300989326,4.71680300989326,36.66920487526039,10.669204875260391,33.06768716079124,7.067687160791239,38.237398787879116,12.237398787879114,34.76584599690435,8.765845996904357,svi_sg,1.9570028525384475,1.8442451714895916,2.312978046395205,2.6529469695516443,0.11275768104885597,-0.3559751938567577,-0.6959441170131968,1.0611402880658116,0.4198511850082675
7,310,28.61383064516129,77.67338709677419,3.4515887096774187,33.91964109619326,7.925230375289726,29.91747632196485,3.9230656010613183,36.08202702524069,10.08202702524069,32.27749565546672,6.277495655466721,37.63414652142554,11.634146521425544,33.96513300070069,7.965133000700687,svi_sg,1.9570028525384475,1.7181115261152196,2.185683698568563,2.5221678472966502,0.23889132642322797,-0.22868084603011551,-0.5651649947582027,1.1390429682777226,0.36128972992834835
8,310,28.46875,77.62741935483871,3.4485322580645166,33.652400704321515,7.652400704321521,29.77113577610708,3.7711357761070876,35.79436217821154,9.794362178211545,32.10701020320989,6.107010203209885,37.32794758755522,11.327947587555213,33.77322601002158,7.773226010021589,svi_sg,1.9570028525384475,1.658964753067684,2.123320806143385,2.455786948236972,0.29803809947076343,-0.1663179536049375,-0.49878409569852433,1.1796530631043514,0.3382785228734154
9,300,28.667791666666666,76.30791666666667,3.1349833333333335,34.16791090585437,8.167910905854367,30.29842992086234,4.299295712668714,36.2829714859514,10.282971485951391,32.593695456802,6.593695456802,37.797521093451095,11.79752109345109,34.233099511266545,8.233099511266547,svi_sg,1.9570028525384475,1.7707222638455562,2.2292464693282,2.557585837939095,0.18628058869289132,-0.2722436167897526,-0.6005829854006475,1.1052003425361228,0.3857247841264009
10,310,28.69616935483871,77.59112903225807,2.5681532258064514,35.03949848147333,9.039498481473329,31.130015713182342,5.13001571318234,37.16109427910777,11.16109427910777,33.43158671493535,7.431586714935351,38.695197840812284,12.695197840812284,35.090714895577904,9.090714895577904,svi_sg,1.9570028525384475,1.9596738259804316,2.419614801959958,2.752193274358318,-0.0026709734419840814,-0.4626119494215106,-0.7951904218198704,0.9986370316291551,0.4798824177843101
11,300,28.08616666666666,80.515,2.152670833333333,34.86585301911458,8.865853019114581,31.246847468068783,5.2468474680687756,36.98771633355522,10.987716333555218,33.53528792078761,7.535287920787613,38.52908156669905,12.529081566699045,35.18859850230072,9.188598502300719,svi_sg,1.9570028525384475,1.922029207943033,2.3820281789190947,2.7161809098320897,0.03497364459541452,-0.42502532638064716,-0.7591780572936422,1.0181962087000975,0.46022414109865883
12,310,28.06270161290322,79.10725806451613,2.9968104838709677,34.098859514176446,8.100222620422008,30.351472563783688,4.355533765478322,36.23354375403339,10.233543754033397,32.66668891257118,6.666688912571179,37.77075444021299,11.770754440212984,34.32467347999422,8.32467347999422,svi_sg,1.9570028525384475,1.7560481133316588,2.2185310261301296,2.5517830923700444,0.20095473920678875,-0.2615281735916821,-0.5947802398315969,1.1144357820729227,0.37860554841080285
1,310,24.05725806451613,49.55080645161291,3.0211532258064517,29.79623028177046,4.393289503459212,23.142344294111513,0.21375734203738925,31.41034492877429,5.7773193363114,24.955145819923548,0.6845913112107253,32.512603769493026,6.754936268810632,26.185675148965494,1.2638122399851681,svi_jh,1.3507889470718029,0.9524216932530923,1.2524656661986402,1.464403343756806,0.3983672538187105,0.09832328087316267,-0.11361439668500317,1.4182677238881938,0.4250428218899695
2,283,23.68202296819788,51.63648409893993,3.0444920494699645,29.21864318477244,3.999816158684221,22.787051386616568,0.13207276337395674,30.835871126134595,5.353394867249288,24.596515891908172,0.48322471864781574,31.939443329488856,6.321615026404227,25.82441836455455,0.9917734123802028,svi_jh,1.3507889470718029,0.8671205654795914,1.1605630359900814,1.3704635860672012,0.4836683815922115,0.1902259110817215,-0.01967463899539834,1.5577867725057377,0.37583974452024965
3,310,22.89701612903226,47.57782258064516,3.0186451612903227,28.53465885512858,3.3919575913235525,21.486625485987513,0.04061226443153933,30.101248414698592,4.627342342704494,23.248544385027405,0.22576994308241846,31.170042539981214,5.553871370710405,24.446862147448385,0.5244054119333846,svi_jh,1.3507889470718029,0.7353428427667587,1.0031620328754103,1.2040243582483923,0.6154461043050442,0.3476269141963926,0.1467645888234106,1.836951240307721,0.2890637247786326
4,300,20.12075,47.877916666666664,3.1893208333333334,25.32128155385079,1.4687830920125144,17.840641002351067,0.0,26.86264895107392,2.312656218848904,19.564858712576626,0.012521628824947678,27.907423177216977,3.0028689895208847,20.73292958221183,0.0425959400240418,svi_jh,1.3507889470718029,0.3184176409077065,0.5013609847778193,0.6509922838831275,1.0323713061640962,0.8494279622939835,0.6997966631886754,4.242192559498704,0.0019102917694875888
5,310,18.350524193548388,36.88346774193548,2.974971774193548,24.41089327709857,0.9964171358371016,15.727529683630253,0.0,25.86519075177979,1.682673094241321,17.382019933087935,0.0,26.842218229702855,2.2576558467857293,18.496923103491444,0.0,svi_jh,1.3507889470718029,0.21601337561595538,0.3647868769738175,0.4894374483369103,1.1347755714558474,0.9860020700979854,0.8613514987348926,6.253265304613987,0.0
6,300,15.500166666666667,32.7475,3.369041666666666,20.94970076181924,0.10682792860845612,11.879203899135993,0.0,22.47490903878222,0.290908800932371,13.572712160274916,0.0,23.484641661356072,0.5122748372246612,14.703810492172773,0.0,svi_jh,1.3507889470718029,0.023159237872185188,0.06306614953284466,0.11105611580941738,1.3276297091996176,1.2877227975389582,1.2397328312623854,58.32613985515186,0.0
7,310,15.675403225806452,29.175403225806452,3.5523669354838714,20.970508474148783,0.16374001923697773,11.680956691229484,0.0,22.522505163695996,0.3858881698926048,13.418186277782784,0.0,23.550469932222626,0.6146024796974502,14.576058861146524,0.0,svi_jh,1.3507889470718029,0.035497215981824974,0.08365673691343702,0.13323973617720625,1.3152917310899779,1.2671322101583657,1.2175492108945967,38.05337713705278,0.0
8,310,19.279637096774195,25.087096774193547,4.194209677419354,23.81488485189114,0.8665450388104395,14.989604294741751,0.0,25.433701513457144,1.4800663990540317,16.832387293915875,0.001702226254264364,26.513878233914653,2.036489004304287,18.065439186453123,0.011509758669460279,svi_jh,1.3507889470718029,0.18785839005011243,0.32086375022727553,0.44149066530752945,1.1629305570216903,1.0299251968445273,0.9092982817642734,7.190463767476508,0.0
9,300,23.041541666666664,24.843333333333334,4.418158333333333,27.523964073626328,2.9154147688544745,19.49683915394331,0.02825112204939077,29.1865831938202,4.203974483046882,21.38457121155824,0.1590540716217834,30.306075933566124,5.146953596322339,22.65641161490117,0.36523866931140425,svi_jh,1.3507889470718029,0.6320330741921549,0.9113800700781609,1.1158086111658694,0.7187558728796479,0.43940887699364195,0.23498033590593348,2.1372124374952044,0.20832631731746262
10,310,24.292540322580646,30.454435483870967,4.196927419354839,28.901171559674474,4.136909597866596,21.638368115519622,0.32036589627018747,30.576774762355036,5.449525920963563,23.520625376309177,0.8185791104501103,31.71373608647341,6.402932171786635,24.793289149667412,1.307254984263338,svi_jh,1.3507889470718029,0.8968410665704387,1.181403297229561,1.38809233856226,0.45394788050136414,0.16938564984224191,-0.03730339149045725,1.5061631290338673,0.39369429525330235
11,300,24.262041666666665,39.056666666666665,4.210170833333334,28.853796310379074,3.903459360831019,21.950307008661788,0.31467073052372674,30.568583415293492,5.2734661205316264,23.87140533714469,0.783840965456739,31.7313807040671,6.278743867432243,25.167376081072714,1.2809714070180152,svi_jh,1.3507889470718029,0.8462313651445048,1.1432352745874939,1.361169543007287,0.504557581927298,0.207553672484309,-0.010380595935484127,1.5962407004863717,0.36347800841921907
12,310,24.299193548387098,48.071774193548386,3.683512096774194,28.88458974962466,4.036807752949155,22.68861761727874,0.4404201188806958,30.5920949220579,5.380407063856785,24.57845134992755,1.011304355380474,31.751944361643204,6.349954926000281,25.85673120606708,1.5716927207147353,svi_jh,1.3507889470718029,0.8751399770886372,1.1664190129319927,1.3766073958795626,0.47564896998316564,0.18436993413981018,-0.025818448807759742,1.5435118751694168,0.38102482218028744
1,310,17.552701612903224,66.09435483870968,4.280270161290322,19.108094558945048,0.2068260163695852,13.665254216438285,0.0,20.912768157115405,0.4230353551060478,15.615473233881394,0.0034727078679764527,22.122285488693056,0.6568735494282424,16.928441977240446,0.026163859861902596,svi_hk,1.7324007431443411,0.04483783382916344,0.09170987910056491,0.14240368582744453,1.6875629093151776,1.6406908640437763,1.5899970573168967,38.637030275480264,0.0
2,283,18.485733215547704,70.58701413427562,4.151232332155477,20.4590451210678,0.4744720061209125,15.23677099407184,0.0,22.274628644455408,0.8743546323197978,17.211714832643604,0.0071593136172602625,23.49637339247893,1.2586652697985319,18.54428904965145,0.06900055463268157,svi_hk,1.7324007431443411,0.10286083608081226,0.18955143264790728,0.2728661761435198,1.6295399070635288,1.5428493104964338,1.4595345670008213,16.842180261720667,0.0
3,310,21.26435483870968,76.66975806451613,4.252282258064516,22.944243390660088,0.9012534144346775,18.828698893090245,0.05050014183342399,24.868394849035166,1.6181346016893565,20.907575252845838,0.24674385932628484,26.175145724393147,2.265726300516026,22.322347974458445,0.552109582269466,svi_hk,1.7324007431443411,0.1953828224500425,0.3507955703895495,0.4911870428494226,1.5370179206942987,1.3816051727547916,1.2412137002949186,8.866699341429053,0.0
4,300,24.065250000000002,78.74083333333333,4.0828875,27.12209808309891,2.620549430013409,23.054416352742688,0.4057687561200357,29.115404426680744,3.9835981212478178,25.227254757119578,1.2518764211400297,30.49345256227633,5.048132924039337,26.73049594954925,2.126580907006489,svi_hk,1.7324007431443411,0.5681091863901951,0.8636046554390036,1.0943852672341576,1.1642915567541459,0.8687960877053376,0.6380154759101835,3.0494151206252,0.029017988793866117
5,310,26.514596774193553,83.23790322580645,3.944814516129032,30.459548247836626,5.000099659989323,27.05101683830087,2.1590205261225384,32.66168242582564,6.899307734950288,29.436722621032494,3.980999103828439,34.23538279196818,8.371461678490121,31.14050706882553,5.43483537089112,svi_hk,1.7324007431443411,1.0839721308717654,1.4957016490767479,1.814850057241387,0.6484286122725758,0.23669909406759326,-0.08244931409704592,1.5981967559914003,0.17693895606015925
6,300,28.31929166666667,84.60958333333333,4.251445833333333,32.93534906077195,6.973056568060965,29.759105920901188,3.815810629804571,35.36138214841599,9.361382148415988,32.37803892378206,6.38071624794884,37.14034083313129,11.140340833131289,34.29020609351501,8.290206093515003,svi_hk,1.7324007431443411,1.5116896663588788,2.0294550199715524,2.4151156602252297,0.2207110767854623,-0.2970542768272113,-0.6827149170808886,1.1460029010564559,0.36537894426422884
7,310,29.089798387096778,81.59959677419354,4.181875,34.412257290982936,8.448366066942473,30.6366245682673,4.697354967905626,36.811004990776425,10.813879087700801,33.24884876012902,7.25380017492252,38.56807929231365,12.56807929231365,35.153242873439595,9.15324287343959,svi_hk,1.7324007431443411,1.8315221676977342,2.3443419841175106,2.7246352308673036,-0.09912142455339312,-0.6119412409731695,-0.9922344877229625,0.9458803031153092,0.563314656443527
8,310,28.737298387096775,82.81774193548387,3.4476532258064516,34.519440205140604,8.552006533682478,30.983907080401114,5.029560000406635,36.868739925789676,10.869840650016435,33.52579235238094,7.527176640243312,38.592906890162105,12.592906890162109,35.386004045376666,9.386004045376673,svi_hk,1.7324007431443411,1.8539903953764096,2.3564738970942853,2.7300176084146104,-0.12158965223206852,-0.6240731539499442,-0.9976168652702693,0.9344173235550217,0.5760542612798585
9,300,28.389958333333333,78.91541666666667,3.2939958333333332,34.20976738843669,8.237894783552049,30.187159313442812,4.264202648424329,36.40275708164001,10.40656362226013,32.57356775807398,6.577543080655683,37.987023953748746,11.987023953748748,34.29308723882245,8.29308723882245,svi_hk,1.7324007431443411,1.7858940760479527,2.2560400215498904,2.598668182942512,-0.05349333290361158,-0.5236392784055492,-0.8662674397981707,0.9700467493447381,0.5350044234739015
10,310,26.078387096774193,70.42016129032258,4.385645161290323,29.51846740159104,4.193426343972224,25.079995964028573,1.0468034428014914,31.541066934450733,5.851750443834384,27.275266290149435,2.228393839432894,32.9390039539294,7.125566450265996,28.789936088296628,3.3104477370749144,svi_hk,1.7324007431443411,0.9090933378994039,1.2686015938223323,1.5447522997530987,0.8233074052449372,0.46379914932200883,0.18764844339124243,1.9056357261921113,0.12297257446181067
11,300,23.197333333333333,67.79333333333334,4.1305125,26.1822955672303,2.095811601316365,21.16517790457718,0.14420940687984332,28.05350956703684,3.275361436683136,23.216773417770085,0.49436711937694205,29.327838536698994,4.2032765207038105,24.611915967799668,0.9650422376570857,svi_hk,1.7324007431443411,0.45435121734943945,0.7100659501463231,0.9112287587484403,1.2780495257949016,1.022334792998018,0.8211719843959008,3.8129109750177244,0.007254497198466529
12,310,18.72068548387097,60.53064516129032,4.122012096774194,20.71342925523871,0.5142361023841675,15.189000184078324,0.0057436625790384345,22.491401999994178,0.9082176500340207,17.11562371450715,0.05280769536387988,23.685669462781476,1.2840755467727683,18.413198604190224,0.1263654120716337,svi_hk,1.7324007431443411,0.11148129868950406,0.19689259981766583,0.2783748727597516,1.6209194444548372,1.5355081433266753,1.4540258703845894,15.539832810607958,0.0
1,310,7.547177419354838,53.76048387096774,4.405298387096774,9.514076503316184,0.0,3.0413487917194173,0.0,11.226323164034898,0.0012874290739556008,4.803977646599604,0.0,12.35282792778195,0.00410753317177835,5.972980379164001,0.0,svi_tokyo,1.4589620873937783,0.0,0.000279101884270222,0.0008904725480708812,1.4589620873937783,1.458682985509508,1.4580716148457074,,0.0
2,283,8.822084805653711,52.79991166077738,4.841470848056537,10.494240270702367,0.0087419564498955,3.8138372306735753,0.0,12.20573164068088,0.014873196403597962,5.5982323536760905,0.0,13.334083105052999,0.023560600962111596,6.783753670248787,0.0,svi_tokyo,1.4589620873937783,0.0018951696576787098,0.0032243618117237262,0.00510770515913557,1.4570669177360995,1.4557377255820545,1.4538543822346428,769.8319153023912,0.0
3,310,12.818870967741935,56.14233870967742,5.044536290322581,14.27898480566329,0.04978143720186583,8.402094827409432,0.0,15.960875794374076,0.1221413630237251,10.178840350035152,0.0,17.078943816482834,0.1938843609894074,11.365385579004199,0.0005392208728534892,svi_tokyo,1.4589620873937783,0.01079212300374043,0.026479038928734447,0.04203221099893983,1.4481699643900379,1.432483048465044,1.4169298763948386,135.18768150512352,0.0
4,300,17.352625,58.3425,5.4835666666666665,18.57904685930281,0.30003890779417586,13.108188361854307,0.001987012019636284,20.336142834849298,0.569915771956585,14.997108452294743,0.010837419027318837,21.515237246692877,0.8179694641607345,16.274023866939903,0.032990846747733296,svi_tokyo,1.4589620873937783,0.06504546635912142,0.12355210010884579,0.17732768611580849,1.393916621034657,1.3354099872849325,1.28163440127797,22.429881267031394,0.0
5,310,22.05056451612903,59.88185483870968,5.34383064516129,23.943715090827062,1.320566250882345,19.16366806483515,0.03827112517660473,25.752290091060658,2.0881553959652996,21.127515829243066,0.14427571130740915,26.984703880942536,2.7511935962638883,22.461937386656608,0.3270387093254945,svi_tokyo,1.4589620873937783,0.2862856963393667,0.4526914277866042,0.596431548924225,1.1726763910544116,1.006270659607174,0.8625305384695533,5.096175275429431,0.0
6,300,24.77033333333333,65.57708333333333,4.6142125,27.50434527698173,2.9673174950506156,23.749181490441394,0.6267500293058544,29.378601992996494,4.2707245457186644,25.75007305265466,1.4128016154326415,30.658715535868883,5.277291603656615,27.112998351925718,2.1624926861384877,svi_tokyo,1.4589620873937783,0.6432850716599424,0.9258508231811721,1.1440646014762739,0.8156770157338359,0.5331112642126062,0.31489748591750444,2.267986856323357,0.1262228299575535
7,310,28.8579435483871,68.35645161290323,4.681326612903225,33.01746874003719,7.446839500219487,29.499381692206775,4.073084345511392,35.109903850313,9.293808839221443,31.70953329176738,5.941393306401525,36.57141318092041,10.657056944159176,33.250667202904594,7.363464778755048,svi_tokyo,1.4589620873937783,1.614401118022953,2.0148057951683365,2.3103444951348497,-0.15543903062917463,-0.5558437077745582,-0.8513824077410714,0.9037172181721912,0.617827536108025
8,310,30.11774193548387,66.30766129032259,4.786060483870968,35.22099202446243,9.452572856463423,31.023338333058135,5.339134683137354,37.352536333779874,11.467814077997053,33.30500082107493,7.448494830547983,38.85188717051475,12.917497600444939,34.89961694278953,8.97861262108396,svi_tokyo,1.4589620873937783,2.049224263154616,2.486108619401846,2.800385662615996,-0.5902621757608377,-1.0271465320080677,-1.341423575222218,0.7119582339649948,0.7802524000797653
9,300,26.183083333333332,69.60833333333333,4.3380833333333335,29.820467451991682,4.8949837294464125,26.015628886247914,1.8544398877047232,31.78597371940169,6.441258573978903,28.12217517479797,3.1699866727933768,33.14641331077423,7.589272239432227,29.571093466024795,4.262750678483618,svi_tokyo,1.4589620873937783,1.0611840372401655,1.3964011233221798,1.6452791265286206,0.3977780501536128,0.0625609640715985,-0.18631703913484232,1.3748436050622463,0.3621684756288636
10,310,20.30274193548387,66.61209677419355,4.14733064516129,22.62351521207717,1.3020220284149173,18.301049737366416,0.08721169348021024,24.401226191201,2.025857042880973,20.20133889580968,0.29183010570513834,25.605165278937417,2.602684155323858,21.490012086635936,0.5658720212564218,svi_tokyo,1.4589620873937783,0.28226549240138743,0.43918576127299647,0.564236171612349,1.1766965949923909,1.0197763261207817,0.8947259157814293,5.1687582317682095,0.0
11,300,15.264958333333334,64.29708333333333,3.4658666666666664,18.997500473193718,0.197816320655009,13.526414496470473,0.0,20.580348927073818,0.41234959211654115,15.227059460186993,0.006407664508521336,21.641912436761146,0.6384011242809056,16.373784777167415,0.015700622565229524,svi_tokyo,1.4589620873937783,0.04288462094815134,0.08939331141884177,0.13839904683803475,1.416077466445627,1.3695687759749364,1.3205630405557436,34.02063618931604,0.0
12,310,9.873306451612903,58.72379032258065,3.433173387096774,14.175012228651784,0.002023655955657279,7.7915586062881355,0.0,15.751174186511093,0.008461137706099658,9.450501427150272,0.0,16.79194081440086,0.019407213167131804,10.553800489575073,0.0,svi_tokyo,1.4589620873937783,0.0004387085873424059,0.001834290932693104,0.004207291782480865,1.458523378806436,1.4571277964610851,1.4547547956112974,3325.583609456632,0.0
1,310,2.3910483870967743,59.42620967741936,4.529560483870968,-0.2782137127769897,0.0,-5.026066577258194,0.0,1.6660012180982076,0.0,-3.1286246881705138,0.0,2.955160021667401,0.0,-1.862755994840798,0.0,svi_ny,1.4134781020193454,0.0,0.0,0.0,1.4134781020193454,1.4134781020193454,1.4134781020193454,,0.0
2,283,3.560468197879859,60.793286219081274,4.3794699646643105,2.7848851747731795,0.0,-3.1206532224409673,0.0,4.681107230014605,0.0035026095117133053,-1.2218482412094989,0.0,5.9374150139641815,0.0092319131280484,0.04596289649289215,0.0,svi_ny,1.4134781020193454,0.0,0.0007593310842191678,0.0020013874174369993,1.4134781020193454,1.4127187709351263,1.4114767146019085,,0.0
3,310,7.7031048387096765,55.90564516129032,4.898600806451614,7.181886844625015,0.023210490045820157,0.730813009829143,0.0,9.06956466419523,0.049091845165354114,2.668442895844937,0.0,10.318854609303722,0.07416052961530878,3.9616350913845553,0.0,svi_ny,1.4134781020193454,0.005031804576791035,0.010642626273658974,0.016077269010645396,1.4084462974425545,1.4028354757456865,1.3974008330087,280.9087834092261,0.0
4,300,13.593541666666667,55.650416666666665,4.867383333333333,14.482892112646569,0.27107391683510174,8.420535518523401,0.013532891677732622,16.29387693144778,0.4303519106055518,10.355713895787082,0.039146220545524815,17.499646586368364,0.5727278687730372,11.652177901685171,0.07011547489866254,svi_ny,1.4134781020193454,0.05876614292446491,0.09329603593637804,0.12416173487327642,1.3547119590948806,1.3201820660829673,1.289316367146069,24.05259272905081,0.0
5,310,19.407620967741938,58.24354838709677,4.134564516129033,22.06356925459683,1.6263889836058862,16.804004932712797,0.21448267610786395,23.80441193263121,2.3097855263046707,18.702081299865394,0.4720381589077767,24.981484277442735,2.826769714159031,19.98375113803998,0.7239311705816881,svi_ny,1.4134781020193454,0.35258503871288877,0.5007386470394037,0.6128157034668543,1.0608930633064566,0.9127394549799417,0.8006623985524911,4.008899830745075,0.002335546278757563
6,300,24.566125,57.526666666666664,4.0572625,28.656613320103656,3.9444266916963278,23.35764322248293,0.8821190089733997,30.452494499826425,5.270044728540915,25.331237629222148,1.6593893293210378,31.679392833126403,6.244076685269774,26.67105997272508,2.3653354765064902,svi_ny,1.4134781020193454,0.8551126771090533,1.14249355065819,1.3536540409422637,0.5583654249102922,0.2709845513611555,0.059824061077081714,1.652972923753162,0.31851702006362986
7,310,27.938750000000002,59.28064516129032,3.4492379032258067,33.3961572535009,7.566917387760586,28.35018117665968,2.920057123027662,35.244338411587165,9.33394604165348,30.349095269034756,4.570133184895927,36.51937505713193,10.567436384792035,31.716457252721575,5.831138210658361,svi_ny,1.4134781020193454,1.640432815884908,2.023507143502577,2.2909156446492323,-0.22695471386556254,-0.6100290414832314,-0.8774375426298868,0.8616494917268922,0.616142854515696
8,310,26.89677419354839,59.91209677419355,3.566858870967742,31.741662090320723,6.088548322662866,26.692540910582906,1.8898515474718336,33.58337472650199,7.75360414079478,28.692955813633425,3.2690326242864485,34.849652661580905,8.94978961891827,30.0609406157485,4.3881487706123385,svi_ny,1.4134781020193454,1.3199370308644351,1.6809046566986645,1.9402258322374235,0.09354107115491028,-0.2674265546793191,-0.5267477302180781,1.0708678285157662,0.5027677142909686
9,300,23.299583333333334,61.19416666666667,3.8024083333333336,27.041469975077305,3.1217773471778725,21.87419754085092,0.6596138910718544,28.83558702272586,4.2123285457126425,23.840795202576945,1.222121937980824,30.05627521597761,5.075633023625002,25.17495199360055,1.7646635148079646,svi_ny,1.4134781020193454,0.6767704392385714,0.9131911482016036,1.1003470167139917,0.736707662780774,0.5002869538177418,0.3131310853053537,2.0885635956701027,0.2163046876436729
10,310,17.24810483870968,62.174596774193546,4.173826612903226,19.295971264352115,0.5982016946536276,13.812760275033561,0.02729725122003397,21.064081236624116,0.9751127080934263,15.718277984456105,0.08294908409223627,22.25063155213105,1.3199539837007153,17.000718278083877,0.1744706813271238,svi_ny,1.4134781020193454,0.12968420826359658,0.211394786486001,0.2861529628727031,1.283793893755749,1.2020833155333444,1.1273251391466423,10.899384905418128,0.0
11,300,10.481583333333333,59.34458333333333,4.157241666666667,11.125317516554018,0.04117731079333988,5.638326866921314,0.0,12.924734070098662,0.09543363839593792,7.480735260203958,0.0,14.118567106134238,0.1620504788351936,8.711393061728684,0.0,svi_ny,1.4134781020193454,0.008926833535218153,0.020689068499308922,0.0351309403405271,1.4045512684841273,1.3927890335200366,1.3783471616788183,158.34036743744466,0.0
12,310,5.3625,65.66129032258064,3.920556451612903,4.498852175685617,0.0,-0.008629261271887534,0.0,6.364509418769801,0.0,1.8422672424787945,0.0,7.5994481146496655,0.0,3.07472480833337,0.0,svi_ny,1.4134781020193454,0.0,0.0,0.0,1.4134781020193454,1.4134781020193454,1.4134781020193454,,0.0
1,310,24.505080645161286,51.248387096774195,4.561879032258064,28.591276167594813,4.978006420956764,22.502614778996023,1.8443339096335987,30.4159452496478,6.124119068697901,24.50041691154479,2.6068699311188337,31.64997549063324,6.964915755623967,25.848025042620552,3.198829540718426,svi_melbourne,1.864156619709778,1.0791825352595785,1.3276484166363698,1.5099248187749452,0.7849740844501996,0.5365082030734083,0.35423180093483286,1.7273784172770992,0.24444483681018425
2,283,23.791166077738513,49.79991166077738,4.5801369257950535,27.64585797807567,4.190209047950535,21.385928045257156,1.2254451223035339,29.44984774364978,5.278778111939772,23.36744856991931,1.8788172182374745,30.669253746746506,6.10398334467257,24.704799206617942,2.4332082177868446,svi_melbourne,1.864156619709778,0.9083958599566778,1.144386861763233,1.3232831909083629,0.9557607597531003,0.7197697579465452,0.5408734288014152,2.052141254583306,0.17130295833958667
3,310,22.419112903225805,51.214112903225804,4.366173387096774,25.644942293755662,3.077190746801414,19.763563313639875,0.637803778381013,27.422053698966053,3.9710163942170826,21.70101928454687,1.0632599834766134,28.62255941535337,4.6429109566935605,23.00842610014936,1.459611540236821,svi_melbourne,1.864156619709778,0.6671045054562633,0.8608770615134893,1.0065371543385861,1.1970521142535149,1.0032795581962888,0.8576194653711919,2.794399684701269,0.06352793693113098
4,300,18.611500000000003,58.370416666666664,4.033845833333333,20.864663800982058,0.7765487755214421,15.50098735088283,0.025213081590087352,22.593373128175436,1.2413031272766553,17.356645847248593,0.07588328839196593,23.755991598394846,1.6493752442984844,18.608296152081518,0.14438929948127163,svi_melbourne,1.864156619709778,0.16834809067178377,0.2691022354411903,0.357568232584625,1.6958085290379943,1.5950543842685878,1.506588387125153,11.073226980305888,0.0
5,310,14.9625,66.23548387096774,4.277870967741935,15.938598533277792,0.033864742681848095,10.889305906775364,0.0,17.711165443234417,0.10223873342141586,12.749550685987584,0.0,18.8948569026432,0.19505515463006937,13.999548953805132,0.0,svi_melbourne,1.864156619709778,0.0073415411256713406,0.022164345765196044,0.04228602747536626,1.8568150785841067,1.841992273944582,1.8218705922344118,253.91897801829884,0.0
6,300,12.387791666666665,72.33291666666666,3.940191666666667,13.178003689687287,0.0,8.435543503248509,0.0,14.944625559536183,0.0015387746716691098,10.265102945132515,0.0,16.119527048297833,0.012932296665981807,11.489062362544686,0.0,svi_melbourne,1.864156619709778,0.0,0.00033359112281858554,0.002803593953589329,1.864156619709778,1.8638230285869595,1.8613530257561888,,0.0
7,310,11.919879032258065,70.29717741935484,4.638435483870968,11.338709663515008,0.0,6.50484655387069,0.0,13.19708643386139,0.0009366223294682458,8.413764872330011,0.0,14.431737225441834,0.0037105410239280695,9.69058995756243,0.0,svi_melbourne,1.864156619709778,0.0,0.00020305045325795347,0.0008044085786088113,1.864156619709778,1.8639535692565201,1.8633522111311693,,0.0
8,310,13.067943548387097,65.96975806451613,4.699036290322581,12.84684537456203,0.0,7.777996503532775,0.0,14.688856975955504,0.0069442103536887095,9.68225498008106,0.0,15.913113830006836,0.021349363111665784,10.956450306593515,0.0,svi_melbourne,1.864156619709778,0.0,0.0015054360925129638,0.004628330673104392,1.864156619709778,1.8626511836172652,1.8595282890366738,,0.0
9,300,15.304708333333334,59.6825,4.86665,15.759658814077383,0.11849462286952803,10.276417585257976,0.0,17.580208681603732,0.24109166092760054,12.18878073885084,0.0,18.793405191142142,0.364206764360285,13.472333329260644,0.002694693091465865,svi_melbourne,1.864156619709778,0.02568846174738101,0.05226628651470966,0.07895642272905658,1.8384681579623972,1.8118903331950684,1.7852001969807214,72.56785704188117,0.0
10,310,18.07633064516129,56.53185483870968,4.754741935483871,20.198099566850402,1.0271648690951496,13.998257585791485,0.03272999085809937,21.978885190740456,1.5313835878012396,15.934339280841854,0.11509108200932482,23.173425960395008,1.9406015730917654,17.237071648147047,0.22129172885853568,svi_melbourne,1.864156619709778,0.2226791799409984,0.3319888089699603,0.42070321901581315,1.6414774397687797,1.5321678107398178,1.443453400693965,8.371490411468685,0.0
11,300,20.149625000000004,54.39333333333333,4.5973041666666665,22.36426340932055,2.1973782983228696,16.58365927340284,0.47565490920082265,24.16751446549121,2.8727301412597233,18.538000054351922,0.8232509297676603,25.38155341508583,3.3928300109596194,19.85446374158779,1.1296773334749537,svi_melbourne,1.864156619709778,0.4763698722696061,0.622779469289118,0.7355319747113654,1.387786747440172,1.24137715042066,1.1286246449984128,3.9132546540532287,0.008197010761611329
12,310,22.736653225806453,50.104838709677416,4.684133064516129,26.056832956923287,3.692124722218659,19.87567052300996,1.2928338474917922,27.86340927079875,4.605153973009143,21.85899308311645,1.8083875036558223,29.0837328248938,5.299612728371494,23.19493323596188,2.218207315789714,svi_melbourne,1.864156619709778,0.800416106625409,0.9983518138768371,1.148903600449485,1.0637405130843691,0.865804805832941,0.715253019260293,2.328984392342063,0.12227538777996522
1,310,29.253185483870965,68.72822580645162,2.950552419354839,36.63592976127604,10.713997624761216,31.280982381521355,5.429282162557905,38.56942911911634,12.594181799031702,33.36465075102367,7.399453701551926,39.93378915338621,13.941254307957593,34.82781473041044,8.836317343345673,svi_rio,1.3620799279382594,2.322688671267854,2.730293996042461,3.022325986849278,-0.9606087433295947,-1.3682140681042017,-1.6602460589110184,0.586423804786011,0.8836746148136078
2,283,28.896068904593637,70.08259717314488,2.784898409893993,36.502291921061314,10.52730453190399,31.09300418677906,5.163598088747833,38.41434138930121,12.415280085551018,33.163157477947024,7.168105764040613,39.76899095209262,13.768990952092622,34.62087602357187,8.620876023571862,svi_rio,1.3620799279382594,2.2822154560431955,2.6915098747718296,2.984980995823945,-0.9201355281049362,-1.3294299468335702,-1.6229010678856854,0.5968235489473783,0.8737711150942371
3,310,28.12870967741936,71.9358870967742,2.866491935483871,35.768446725681144,9.780788827522613,30.12840389558404,4.242303817225174,37.64094725204914,11.640947252049143,32.177546355476906,6.190687006810197,38.962874242393106,12.962874242393102,33.6174191861484,7.617419186148402,svi_rio,1.3620799279382594,2.1203782380207765,2.5236421784033953,2.810222869593679,-0.7582983100825171,-1.161562250465136,-1.4481429416554195,0.6423759230851496,0.8293773649810802
4,300,26.42533333333333,70.36,2.981345833333333,33.5588688948244,7.708378455064212,27.59045091547729,2.285686801638038,35.32124647904824,9.367477791204747,29.538779213205824,3.7850351190114337,36.54782856099942,10.565039900445473,30.88276480411389,4.978364756130751,svi_rio,1.3620799279382594,1.671100175535262,2.0307764950124674,2.290396110555836,-0.30902024759700253,-0.668696567074208,-0.9283161826175765,0.815079758759512,0.6687125450364818
5,310,24.59774193548387,70.77338709677419,2.769959677419355,31.31760721371509,5.675323165282533,25.42464996107602,1.1395392176594266,33.01123596602954,7.169684621841588,27.30407738054397,2.134219920182927,34.17859621523557,8.260968950654417,28.592752850182485,3.0502062600161275,svi_rio,1.3620799279382594,1.2303539055600217,1.554316682806428,1.7908963271595035,0.13172602237823772,-0.1922367548681687,-0.42881639922124415,1.107063521953287,0.4994477938913331
6,300,23.940541666666668,68.93083333333334,2.58645,30.37061826358621,5.118093416471969,24.550313157468555,0.8065366640383305,32.032681117075334,6.461287092593817,26.39103132296039,1.7006987803337943,33.17430437910822,7.441642710142163,27.648997230726447,2.4968059922400667,svi_rio,1.3620799279382594,1.109552009742486,1.4007431079779937,1.6132745053558322,0.25252791819577336,-0.038663180039734346,-0.2511945774175728,1.227594484961892,0.4506363949088407
7,310,23.664153225806455,66.37137096774194,2.859975806451613,29.93699816805097,4.799530164606467,23.864801683962995,0.6034543034559682,31.587411396430532,6.125125724087767,25.693180845380734,1.3538992708023132,32.71758430556328,7.0965439200661455,26.939077966716802,2.0538575560023196,svi_rio,1.3620799279382594,1.0404906488849657,1.327866649564153,1.538460502380386,0.3215892790532937,0.03421327837410648,-0.17638057444212651,1.309074646079638,0.421179367407166
8,310,23.93556451612903,65.59475806451613,3.227298387096774,29.656662141734323,4.99361470850308,23.868360364373697,0.9655285792082975,31.347705276801065,6.239949928400984,25.728253693320795,1.756245768689347,32.50462224406454,7.168576929670273,26.993300257856014,2.441862305740929,svi_rio,1.3620799279382594,1.0825662575574009,1.352759400886897,1.5540765461041743,0.2795136703808585,0.009320527051362326,-0.19199661816591496,1.258195439244085,0.4393025908424312
9,300,25.244666666666664,68.21041666666666,3.4210624999999997,31.243188222452027,6.034470888735045,25.75409194282676,1.7812588008946053,33.00102036712945,7.417096633667834,27.675978821377974,2.866659539632288,34.21026547913816,8.441481014075308,28.98929085034483,3.741851959646315,svi_rio,1.3620799279382594,1.308213578278904,1.6079531588568152,1.830029556362943,0.05386634965935544,-0.24587323091855584,-0.4679496284246836,1.0411755011213248,0.5312584867742111
10,310,25.631895161290323,72.36008064516129,3.625302419354839,31.072386246729206,5.7966229487889445,26.37319069791429,2.122157531602331,32.92593339300146,7.2751704510873045,28.384575464667176,3.2540369400790587,34.20848677567525,8.387450228716164,29.77156868203347,4.2405546461847,svi_rio,1.3620799279382594,1.2566504983767355,1.5771849668166908,1.8183162167255185,0.1054294295615239,-0.21510503887843146,-0.4562362887872591,1.0838971772165062,0.5098763420418952
11,300,25.870708333333333,73.31666666666666,3.45645,31.545420337903312,6.052920815958182,26.737319375498995,2.1949436615764957,33.40875391249452,7.641683620436864,28.759477493908356,3.455667986555526,34.705075145151945,8.832321014224105,30.160227464795383,4.507065539498487,svi_rio,1.3620799279382594,1.3122133399409617,1.656641395325809,1.9147598010781288,0.04986658799729771,-0.2945614673875496,-0.5526798731398694,1.0380018907592734,0.5329422627776873
12,310,27.671653225806455,71.82459677419355,3.1900282258064516,34.59940955284379,8.744554461203634,29.261538434868783,3.7921687893969587,36.49543743522565,10.544627007851059,31.335829707725217,5.517132383630132,37.82975600486984,11.841390811942315,32.787921103331186,6.856452904334376,svi_rio,1.3620799279382594,1.8957328808232887,2.2859707974246035,2.5670963588221487,-0.5336529528850293,-0.9238908694863441,-1.2050164308838893,0.7184978124907176,0.7531548168667282
1,310,24.63,55.13346774193548,5.574177419354839,29.381837171511922,4.099807432275772,21.49819750738931,0.6150963355762513,31.231267145690058,5.525457828146995,23.623142492708418,1.1668546434604699,32.483811168358585,6.617806844032375,25.05376398111497,1.6559685821540575,svi_capetown,1.2021979780491456,0.8887976841920305,1.1978645833693973,1.4346750413448448,0.3134002938571151,0.004333394679748359,-0.23247706329569917,1.352611510393408,0.4611140877163027
2,283,24.485512367491165,54.06669611307421,5.167062720848056,29.427858490710488,4.0574858203955895,21.56934789288843,0.6149202359877314,31.246865735756806,5.509515151030196,23.651966172058305,1.0710888568673582,32.47926282822478,6.611524654073096,25.055393353346922,1.4783118133191708,svi_capetown,1.2021979780491456,0.8796227775039133,1.1944083687214408,1.433313124723224,0.32257520054523237,0.007789609327704783,-0.2311151466740784,1.366719926762921,0.4558562908097478
3,310,22.659112903225807,59.29354838709678,4.7308911290322575,27.179925489752808,2.800174965360502,19.824622349285775,0.3885978435621655,28.955027167663484,3.902724951901693,21.83987142020703,0.6627522261306938,30.156148340239927,4.791901810862501,23.200675135008982,0.9371607054210193,svi_capetown,1.2021979780491456,0.607050225079329,0.8460721525555193,1.038836897274961,0.5951477529698166,0.35612582549362637,0.16336108077418454,1.9803929368316155,0.27596074021302025
4,300,20.742791666666665,59.7375,4.141658333333333,25.152398062392297,2.0814648895704138,18.04120471274286,0.20297068217216804,26.862886696754856,2.8398467946303083,19.966598743070037,0.4058220491706976,28.018402707820716,3.4618250091611533,21.267792093442733,0.5907275699507311,svi_capetown,1.2021979780491456,0.45124099220198804,0.6156506851168125,0.7504894076238467,0.7509569858471576,0.5865472929323331,0.4517085704252989,2.6642038263913053,0.1306795099003197
5,310,18.319274193548388,67.55524193548388,3.599036290322581,22.50493801599612,0.9859892581354183,16.02969710223293,0.011219759162424332,24.165214188027537,1.497267684063455,17.866103299503965,0.07528718020345203,25.28416105065257,1.9499012897212769,19.107192335506994,0.15276288406652078,svi_capetown,1.2021979780491456,0.2137527149128869,0.32459281861257183,0.4227193055614594,0.9884452631362588,0.8776051594365738,0.7794786724876862,5.624246590454261,0.0
6,300,16.231749999999998,70.64583333333333,4.1118,18.77054178937672,0.418703741990784,12.769334623359388,0.0,20.51104045495271,0.7327551191470884,14.65664628083473,0.011079095829368401,21.677986840871142,0.9931671454771109,15.928298926589589,0.02737895058791003,svi_capetown,1.2021979780491456,0.09077082823799179,0.15885405930304194,0.21530880986419207,1.1114271498111539,1.0433439187461038,0.9868891681849535,13.244320905578894,0.0
7,310,15.251612903225807,70.95483870967742,4.036060483870968,17.94400699005401,0.23852692469736972,11.609936811556281,0.0,19.670738289975457,0.481150805992151,13.471042437028148,0.0,20.82513133146603,0.7217843117491707,14.724311964453763,0.0018331634137340764,svi_capetown,1.2021979780491456,0.051710277077767104,0.10430873380693635,0.15647569681405707,1.1504877009713785,1.0978892442422092,1.0457222812350886,23.24872435398402,0.0
8,310,15.57548387096774,69.54072580645162,4.172705645161291,18.42592345723781,0.4288367839981074,11.620565318314487,0.005917039137606509,20.15147186077142,0.7031641180856197,13.502295004831268,0.02891090196427046,21.306559564583875,0.9513924298765309,14.770866553396544,0.053730878244628306,svi_capetown,1.2021979780491456,0.09296757147988848,0.1524390230724846,0.2062524648780165,1.109230406569257,1.049758954976661,0.9959455131711291,12.931369066784919,0.0
9,300,16.967875,65.05666666666667,4.605258333333333,19.951325231369488,0.8272861695774746,12.510512907509094,0.05777879433057541,21.69725090150078,1.1653442003974366,14.446968974639779,0.11617831513652258,22.86570766894979,1.4540636152126198,15.751482111246245,0.17204969824810631,svi_capetown,1.2021979780491456,0.17934745566242388,0.2526350916986643,0.3152266039850278,1.0228505223867217,0.9495628863504813,0.8869713740641179,6.7031783283950155,0.0
10,310,20.011370967741936,58.237096774193546,4.7841249999999995,23.96575205336873,1.7971682883105755,16.12533288078934,0.18004453444538837,25.707519407183593,2.473076501203935,18.10308961613736,0.33263277550760867,26.879451655640157,3.030560001459626,19.434998415147078,0.4813178741790732,svi_capetown,1.2021979780491456,0.38960830213118947,0.5361385146520548,0.6569954212720523,0.8125896759179562,0.6660594633970909,0.5452025567770933,3.085658009526552,0.06891069988165541
11,300,21.1905,55.781666666666666,5.313491666666667,24.815611609529324,1.76569102454652,16.82913425858292,0.14752596455609232,26.609705871633746,2.5312906963879427,18.885544631440716,0.2970547555648961,27.81758145649681,3.2101599761006656,20.270878028902583,0.4612051842858496,svi_capetown,1.2021979780491456,0.3827843428110649,0.5487587761451483,0.6959309186530344,0.8194136352380808,0.6534392019039973,0.5062670593961113,3.140666541427813,0.06232226232461744
12,310,22.706129032258062,56.85806451612903,5.339080645161291,26.78621351588329,2.3064759343217136,18.98057975199661,0.18908119584849517,28.591567136369836,3.3797654542020963,21.053402831643236,0.3878403547749055,29.812468205120837,4.29911215037196,22.45045817110253,0.5914643535630363,svi_capetown,1.2021979780491456,0.5000211602455326,0.7326997080786285,0.9320049749779072,0.7021768178036131,0.46949826997051713,0.2701930030712384,2.4042942051868628,0.17895939190899832
